name,slug,description,active,parentSlug
Thời trang Nam,thoi-trang-nam,Thời trang dành cho nam giới,true,
Thời trang Nữ,thoi-trang-nu,Thời trang dành cho nữ giới,true,
Điện tử - Công nghệ,dien-tu-cong-nghe,Các sản phẩm điện tử và công nghệ,true,
Mỹ phẩm - Làm đẹp,my-pham-lam-dep,Sản phẩm chăm sóc sắc đẹp,true,
Thực phẩm - Đồ uống,thuc-pham-do-uong,Thực phẩm và đồ uống các loại,true,
Nhà cửa - Đời sống,nha-cua-doi-song,Đồ dùng gia đình và đời sống,true,
Sách - Văn phòng phẩm,sach-van-phong-pham,Sách và văn phòng phẩm,true,
Thể thao - Du lịch,the-thao-du-lich,Đồ thể thao và du lịch,true,
Mẹ và Bé,me-va-be,Sản phẩm cho mẹ và bé,true,
Sức khỏe - Dinh dưỡng,suc-khoe-dinh-duong,Sản phẩm chăm sóc sức khỏe,true,
Áo Nam,ao-nam,Áo sơ mi áo thun nam,true,thoi-trang-nam
Quần Nam,quan-nam,Quần dài quần short nam,true,thoi-trang-nam
Giày dép Nam,giay-dep-nam,Giày dép thời trang nam,true,thoi-trang-nam
Phụ kiện Nam,phu-kien-nam,Phụ kiện thời trang nam,true,thoi-trang-nam
Váy đầm Nữ,vay-dam-nu,Váy đầm thời trang nữ,true,thoi-trang-nu
Áo Nữ,ao-nu,Áo sơ mi áo kiểu nữ,true,thoi-trang-nu
Quần Nữ,quan-nu,Quần dài quần short nữ,true,thoi-trang-nu
Giày dép Nữ,giay-dep-nu,Giày dép thời trang nữ,true,thoi-trang-nu
Điện thoại - Máy tính bảng,dien-thoai-may-tinh-bang,Điện thoại smartphone và tablet,true,dien-tu-cong-nghe
Laptop - Máy tính,laptop-may-tinh,Laptop và PC,true,dien-tu-cong-nghe
Âm thanh - Camera,am-thanh-camera,Thiết bị âm thanh và camera,true,dien-tu-cong-nghe
Phụ kiện Điện tử,phu-kien-dien-tu,Phụ kiện cho thiết bị điện tử,true,dien-tu-cong-nghe
Chăm sóc da,cham-soc-da,Sản phẩm chăm sóc da mặt,true,my-pham-lam-dep
Trang điểm,trang-diem,Mỹ phẩm trang điểm,true,my-pham-lam-dep
Chăm sóc tóc,cham-soc-toc,Sản phẩm chăm sóc tóc,true,my-pham-lam-dep
Nước hoa,nuoc-hoa,Nước hoa các loại,true,my-pham-lam-dep
Thực phẩm tươi sống,thuc-pham-tuoi-song,Thực phẩm tươi sống hàng ngày,true,thuc-pham-do-uong
Đồ uống,do-uong,Nước giải khát các loại,true,thuc-pham-do-uong
Thực phẩm khô,thuc-pham-kho,Thực phẩm khô đóng gói,true,thuc-pham-do-uong
Đồ ăn vặt,do-an-vat,Snack và đồ ăn vặt,true,thuc-pham-do-uong
Nội thất,noi-that,Đồ nội thất gia đình,true,nha-cua-doi-song
Đồ dùng nhà bếp,do-dung-nha-bep,Dụng cụ và đồ dùng nhà bếp,true,nha-cua-doi-song
Trang trí nhà cửa,trang-tri-nha-cua,Đồ trang trí nội thất,true,nha-cua-doi-song
Đèn - Chiếu sáng,den-chieu-sang,Thiết bị chiếu sáng,true,nha-cua-doi-song
Sách tiếng Việt,sach-tieng-viet,Sách tiếng Việt các thể loại,true,sach-van-phong-pham
Sách ngoại văn,sach-ngoai-van,Sách ngoại văn,true,sach-van-phong-pham
Văn phòng phẩm,van-phong-pham,Đồ dùng văn phòng,true,sach-van-phong-pham
Đồ chơi - Giáo dục,do-choi-giao-duc,Đồ chơi giáo dục trẻ em,true,sach-van-phong-pham
Thể thao ngoài trời,the-thao-ngoai-troi,Dụng cụ thể thao ngoài trời,true,the-thao-du-lich
Thể thao trong nhà,the-thao-trong-nha,Dụng cụ tập luyện trong nhà,true,the-thao-du-lich
Du lịch - Phượt,du-lich-phuot,Đồ dùng du lịch và phượt,true,the-thao-du-lich
Giày thể thao,giay-the-thao,Giày thể thao các loại,true,the-thao-du-lich
Đồ dùng cho bé,do-dung-cho-be,Đồ dùng thiết yếu cho bé,true,me-va-be
Đồ chơi trẻ em,do-choi-tre-em,Đồ chơi an toàn cho trẻ,true,me-va-be
Thời trang trẻ em,thoi-trang-tre-em,Quần áo thời trang trẻ em,true,me-va-be
Dinh dưỡng cho bé,dinh-duong-cho-be,Thực phẩm dinh dưỡng cho bé,true,me-va-be
Thực phẩm chức năng,thuc-pham-chuc-nang,Thực phẩm bổ sung sức khỏe,true,suc-khoe-dinh-duong
Dụng cụ y tế,dung-cu-y-te,Dụng cụ chăm sóc y tế,true,suc-khoe-dinh-duong
Chăm sóc sức khỏe,cham-soc-suc-khoe,Sản phẩm chăm sóc sức khỏe,true,suc-khoe-dinh-duong
Vitamin - Khoáng chất,vitamin-khoang-chat,Vitamin và khoáng chất,true,suc-khoe-dinh-duong
Áo sơ mi Nam,ao-so-mi-nam,Áo sơ mi công sở nam,true,ao-nam
Áo thun Nam,ao-thun-nam,Áo thun thời trang nam,true,ao-nam
Áo khoác Nam,ao-khoac-nam,Áo khoác jacket nam,true,ao-nam
Áo polo Nam,ao-polo-nam,Áo polo thể thao nam,true,ao-nam
Quần jean Nam,quan-jean-nam,Quần jean thời trang nam,true,quan-nam
Quần tây Nam,quan-tay-nam,Quần tây công sở nam,true,quan-nam
Quần short Nam,quan-short-nam,Quần short thể thao nam,true,quan-nam
Quần jogger Nam,quan-jogger-nam,Quần jogger thời trang nam,true,quan-nam
Giày sneaker Nam,giay-sneaker-nam,Giày sneaker thời trang nam,true,giay-dep-nam
Giày da Nam,giay-da-nam,Giày da công sở nam,true,giay-dep-nam
Dép Nam,dep-nam,Dép quai ngang quai chéo nam,true,giay-dep-nam
Giày thể thao Nam,giay-the-thao-nam,Giày thể thao chuyên dụng nam,true,giay-dep-nam
Ví Nam,vi-nam,Ví da và ví vải nam,true,phu-kien-nam
Thắt lưng Nam,that-lung-nam,Thắt lưng da nam,true,phu-kien-nam
Mũ nón Nam,mu-non-nam,Mũ nón thời trang nam,true,phu-kien-nam
Túi xách Nam,tui-xach-nam,Túi xách và balo nam,true,phu-kien-nam
Váy maxi,vay-maxi,Váy dài thời trang,true,vay-dam-nu
Váy ngắn,vay-ngan,Váy ngắn dự tiệc,true,vay-dam-nu
Đầm công sở,dam-cong-so,Đầm công sở thanh lịch,true,vay-dam-nu
Đầm dự tiệc,dam-du-tiec,Đầm dự tiệc sang trọng,true,vay-dam-nu
Áo kiểu Nữ,ao-kieu-nu,Áo kiểu thời trang nữ,true,ao-nu
Áo sơ mi Nữ,ao-so-mi-nu,Áo sơ mi công sở nữ,true,ao-nu
Áo thun Nữ,ao-thun-nu,Áo thun basic nữ,true,ao-nu
Áo khoác Nữ,ao-khoac-nu,Áo khoác cardigan nữ,true,ao-nu
Quần jean Nữ,quan-jean-nu,Quần jean skinny nữ,true,quan-nu
Quần tây Nữ,quan-tay-nu,Quần tây công sở nữ,true,quan-nu
Quần short Nữ,quan-short-nu,Quần short thời trang nữ,true,quan-nu
Quần legging,quan-legging,Quần legging thể thao,true,quan-nu
Giày cao gót,giay-cao-got,Giày cao gót thời trang,true,giay-dep-nu
Giày búp bê,giay-bup-be,Giày búp bê công sở,true,giay-dep-nu
Sandal Nữ,sandal-nu,Sandal và dép cao gót nữ,true,giay-dep-nu
Giày thể thao Nữ,giay-the-thao-nu,Giày thể thao nữ,true,giay-dep-nu
iPhone,iphone,Điện thoại iPhone Apple,true,dien-thoai-may-tinh-bang
Samsung,samsung,Điện thoại Samsung Galaxy,true,dien-thoai-may-tinh-bang
Xiaomi,xiaomi,Điện thoại Xiaomi Redmi,true,dien-thoai-may-tinh-bang
iPad,ipad,Máy tính bảng iPad,true,dien-thoai-may-tinh-bang
Laptop Gaming,laptop-gaming,Laptop chuyên game,true,laptop-may-tinh
Laptop văn phòng,laptop-van-phong,Laptop cho công việc văn phòng,true,laptop-may-tinh
Laptop đồ họa,laptop-do-hoa,Laptop cho thiết kế đồ họa,true,laptop-may-tinh
PC Desktop,pc-desktop,Máy tính để bàn,true,laptop-may-tinh
Áo sơ mi tay dài,ao-so-mi-tay-dai,Áo sơ mi tay dài,true,ao-so-mi-nam
Áo sơ mi tay ngắn,ao-so-mi-tay-ngan,Áo sơ mi tay ngắn,true,ao-so-mi-nam
Áo thun cổ tròn,ao-thun-co-tron,Áo thun cổ tròn,true,ao-thun-nam
Áo thun cổ tim,ao-thun-co-tim,Áo thun cổ tim,true,ao-thun-nam
Giày sneaker cao cổ,giay-sneaker-cao-co,Giày sneaker cao cổ,true,giay-sneaker-nam
Giày sneaker thấp cổ,giay-sneaker-thap-co,Giày sneaker thấp cổ,true,giay-sneaker-nam
Váy maxi hoa,vay-maxi-hoa,Váy maxi họa tiết hoa,true,vay-maxi
Váy maxi trơn,vay-maxi-tron,Váy maxi màu trơn,true,vay-maxi
Áo kiểu tay dài,ao-kieu-tay-dai,Áo kiểu tay dài,true,ao-kieu-nu
Áo kiểu tay ngắn,ao-kieu-tay-ngan,Áo kiểu tay ngắn,true,ao-kieu-nu
